benchmark,compiler,bits,optimization,num_executables,static_basic_blocks,static_instructions,avg_instructions_per_bb
500.perlbench_r,GCC,32,O0,1,119461,781842,6.544747
500.perlbench_r,GCC,32,O1,1,98758,447474,4.531015
500.perlbench_r,GCC,32,O2,1,101384,486533,4.798913
500.perlbench_r,GCC,32,O3,1,113444,548906,4.838564
500.perlbench_r,GCC,64,O0,1,113719,709667,6.240531
500.perlbench_r,GCC,64,O1,1,95849,372264,3.883859
500.perlbench_r,GCC,64,O2,1,97114,399960,4.118459
500.perlbench_r,GCC,64,O3,1,108723,451931,4.156719
500.perlbench_r,Clang,32,O0,1,130124,759277,5.835027
500.perlbench_r,Clang,32,O1,1,99315,520008,5.235946
500.perlbench_r,Clang,32,O2,1,98304,521989,5.309947
500.perlbench_r,Clang,32,O3,1,102410,542405,5.296407
500.perlbench_r,Clang,64,O0,1,127503,637189,4.997443
500.perlbench_r,Clang,64,O1,1,97342,409708,4.208954
500.perlbench_r,Clang,64,O2,1,96156,413482,4.300116
500.perlbench_r,Clang,64,O3,1,100294,430935,4.296718
500.perlbench_r,ICC,32,O0,1,112873,743055,6.583107
500.perlbench_r,ICC,32,O1,1,92035,396229,4.305199
500.perlbench_r,ICC,32,O2,1,131699,566191,4.299129
500.perlbench_r,ICC,32,O3,1,133982,579999,4.328932
500.perlbench_r,ICC,64,O0,1,113243,742716,6.558604
500.perlbench_r,ICC,64,O1,1,90624,367799,4.058517
500.perlbench_r,ICC,64,O2,1,148832,618025,4.152501
500.perlbench_r,ICC,64,O3,1,158299,664010,4.194657
502.gcc_r,GCC,32,O0,1,566719,2920938,5.15412
502.gcc_r,GCC,32,O1,1,500521,2092512,4.180668
502.gcc_r,GCC,32,O2,1,499588,2198698,4.401022
502.gcc_r,GCC,32,O3,1,549089,2442775,4.448778
502.gcc_r,GCC,64,O0,1,537821,2561928,4.763533
502.gcc_r,GCC,64,O1,1,485974,1668455,3.433219
502.gcc_r,GCC,64,O2,1,477661,1742925,3.648874
502.gcc_r,GCC,64,O3,1,526535,1945099,3.694149
502.gcc_r,Clang,32,O0,1,629115,3349513,5.324166
502.gcc_r,Clang,32,O1,1,467219,2276978,4.87347
502.gcc_r,Clang,32,O2,1,459377,2274042,4.950274
502.gcc_r,Clang,32,O3,1,475948,2354747,4.947488
502.gcc_r,Clang,64,O0,1,603100,2467255,4.090955
502.gcc_r,Clang,64,O1,1,469263,1777447,3.787742
502.gcc_r,Clang,64,O2,1,456905,1782772,3.901844
502.gcc_r,Clang,64,O3,1,475237,1857252,3.908054
502.gcc_r,ICC,32,O0,1,570414,3402411,5.96481
502.gcc_r,ICC,32,O1,1,427590,1726362,4.037424
502.gcc_r,ICC,32,O2,1,647242,2614101,4.038831
502.gcc_r,ICC,32,O3,1,658299,2673837,4.061736
502.gcc_r,ICC,64,O0,1,566703,3235075,5.70859
502.gcc_r,ICC,64,O1,1,425624,1574979,3.7004
502.gcc_r,ICC,64,O2,1,692417,2600012,3.75498
502.gcc_r,ICC,64,O3,1,727791,2753438,3.783281
505.mcf_r,GCC,32,O0,1,889,9215,10.365579
505.mcf_r,GCC,32,O1,1,908,6483,7.139868
505.mcf_r,GCC,32,O2,1,911,6540,7.178924
505.mcf_r,GCC,32,O3,1,978,7334,7.498978
505.mcf_r,GCC,64,O0,1,750,6800,9.066667
505.mcf_r,GCC,64,O1,1,792,4135,5.22096
505.mcf_r,GCC,64,O2,1,807,4299,5.327138
505.mcf_r,GCC,64,O3,1,877,4762,5.429875
505.mcf_r,Clang,32,O0,1,1149,9219,8.023499
505.mcf_r,Clang,32,O1,1,942,7996,8.488323
505.mcf_r,Clang,32,O2,1,1194,10860,9.095477
505.mcf_r,Clang,32,O3,1,1240,11295,9.108871
505.mcf_r,Clang,64,O0,1,917,5882,6.414395
505.mcf_r,Clang,64,O1,1,858,4333,5.050117
505.mcf_r,Clang,64,O2,1,1248,7449,5.96875
505.mcf_r,Clang,64,O3,1,1319,7813,5.923427
505.mcf_r,ICC,32,O0,1,960,9696,10.1
505.mcf_r,ICC,32,O1,1,1393,7946,5.704235
505.mcf_r,ICC,32,O2,1,1878,11913,6.34345
505.mcf_r,ICC,32,O3,1,2024,13159,6.501482
505.mcf_r,ICC,64,O0,1,833,7037,8.447779
505.mcf_r,ICC,64,O1,1,1133,5334,4.707855
505.mcf_r,ICC,64,O2,1,1504,7748,5.151596
505.mcf_r,ICC,64,O3,1,1635,8460,5.174312
520.omnetpp_r,GCC,32,O0,1,109902,590855,5.376199
520.omnetpp_r,GCC,32,O1,1,86370,426701,4.940384
520.omnetpp_r,GCC,32,O2,1,97446,492347,5.052511
520.omnetpp_r,GCC,32,O3,1,113567,572561,5.041614
520.omnetpp_r,GCC,64,O0,1,98893,491523,4.970251
520.omnetpp_r,GCC,64,O1,1,81596,317256,3.888132
520.omnetpp_r,GCC,64,O2,1,90313,365599,4.048133
520.omnetpp_r,GCC,64,O3,1,106555,426110,3.998968
520.omnetpp_r,Clang,32,O0,1,119892,663506,5.534197
520.omnetpp_r,Clang,32,O1,1,87357,443792,5.080211
520.omnetpp_r,Clang,32,O2,1,87483,447675,5.11728
520.omnetpp_r,Clang,32,O3,1,89955,460416,5.118292
520.omnetpp_r,Clang,64,O0,1,109519,424941,3.880066
520.omnetpp_r,Clang,64,O1,1,79817,311480,3.902427
520.omnetpp_r,Clang,64,O2,1,79350,313812,3.954783
520.omnetpp_r,Clang,64,O3,1,82084,323924,3.94625
520.omnetpp_r,ICC,32,O0,1,114399,655480,5.72977
520.omnetpp_r,ICC,32,O1,1,88272,424897,4.813497
520.omnetpp_r,ICC,32,O2,1,130211,618490,4.749906
520.omnetpp_r,ICC,32,O3,1,130953,621924,4.749215
520.omnetpp_r,ICC,64,O0,1,108172,619444,5.726473
520.omnetpp_r,ICC,64,O1,1,80067,327571,4.091211
520.omnetpp_r,ICC,64,O2,1,130293,556743,4.273008
520.omnetpp_r,ICC,64,O3,1,134394,573465,4.267043
523.xalancbmk_r,GCC,32,O0,1,255075,1372192,5.379563
523.xalancbmk_r,GCC,32,O1,1,205940,999217,4.851981
523.xalancbmk_r,GCC,32,O2,1,218158,1113542,5.104291
523.xalancbmk_r,GCC,32,O3,1,270339,1434160,5.305043
523.xalancbmk_r,GCC,64,O0,1,224764,1173019,5.218892
523.xalancbmk_r,GCC,64,O1,1,194785,770493,3.955607
523.xalancbmk_r,GCC,64,O2,1,203653,847069,4.159374
523.xalancbmk_r,GCC,64,O3,1,254436,1093404,4.297364
523.xalancbmk_r,Clang,32,O0,1,284001,1584090,5.577762
523.xalancbmk_r,Clang,32,O1,1,198064,1075929,5.432229
523.xalancbmk_r,Clang,32,O2,1,202363,1124121,5.554973
523.xalancbmk_r,Clang,32,O3,1,207109,1150692,5.555973
523.xalancbmk_r,Clang,64,O0,1,260083,1022622,3.931906
523.xalancbmk_r,Clang,64,O1,1,182454,721983,3.957069
523.xalancbmk_r,Clang,64,O2,1,187159,765683,4.091083
523.xalancbmk_r,Clang,64,O3,1,192562,788098,4.092697
523.xalancbmk_r,ICC,32,O0,1,257145,1487585,5.785005
523.xalancbmk_r,ICC,32,O1,1,164121,754992,4.600216
523.xalancbmk_r,ICC,32,O2,1,312705,1501869,4.80283
523.xalancbmk_r,ICC,32,O3,1,315368,1521865,4.82568
523.xalancbmk_r,ICC,64,O0,1,248780,1422726,5.718812
523.xalancbmk_r,ICC,64,O1,1,163811,655020,3.998633
523.xalancbmk_r,ICC,64,O2,1,325662,1374915,4.221908
523.xalancbmk_r,ICC,64,O3,1,335124,1423061,4.246371
525.x264_r,GCC,32,O0,3,33822,309332,9.145881
525.x264_r,GCC,32,O1,3,29944,211061,7.048524
525.x264_r,GCC,32,O2,3,31050,228549,7.360676
525.x264_r,GCC,32,O3,3,35953,298398,8.299669
525.x264_r,GCC,64,O0,3,31504,302339,9.596845
525.x264_r,GCC,64,O1,3,28215,177519,6.291653
525.x264_r,GCC,64,O2,3,28981,189330,6.532901
525.x264_r,GCC,64,O3,3,34229,255024,7.450524
525.x264_r,Clang,32,O0,3,37905,314517,8.297507
525.x264_r,Clang,32,O1,3,31322,254172,8.114807
525.x264_r,Clang,32,O2,3,34067,291535,8.557695
525.x264_r,Clang,32,O3,3,37110,326532,8.79903
525.x264_r,Clang,64,O0,3,36119,259996,7.198317
525.x264_r,Clang,64,O1,3,29716,187969,6.325515
525.x264_r,Clang,64,O2,3,33009,225151,6.820897
525.x264_r,Clang,64,O3,3,36394,255387,7.017283
525.x264_r,ICC,32,O0,3,36821,357822,9.717878
525.x264_r,ICC,32,O1,3,30814,199828,6.484974
525.x264_r,ICC,32,O2,3,51941,391088,7.529466
525.x264_r,ICC,32,O3,3,53102,403421,7.597096
525.x264_r,ICC,64,O0,3,35884,363622,10.133263
525.x264_r,ICC,64,O1,3,29525,181635,6.151905
525.x264_r,ICC,64,O2,3,51313,410484,7.99961
525.x264_r,ICC,64,O3,3,52867,426311,8.063839
531.deepsjeng_r,GCC,32,O0,1,3849,35989,9.350221
531.deepsjeng_r,GCC,32,O1,1,3480,21832,6.273563
531.deepsjeng_r,GCC,32,O2,1,3508,20726,5.90821
531.deepsjeng_r,GCC,32,O3,1,3996,23726,5.937437
531.deepsjeng_r,GCC,64,O0,1,3661,26823,7.326687
531.deepsjeng_r,GCC,64,O1,1,3320,16144,4.862651
531.deepsjeng_r,GCC,64,O2,1,3315,16611,5.01086
531.deepsjeng_r,GCC,64,O3,1,3848,19044,4.949064
531.deepsjeng_r,Clang,32,O0,1,4616,31210,6.761265
531.deepsjeng_r,Clang,32,O1,1,3215,22774,7.08367
531.deepsjeng_r,Clang,32,O2,1,3382,25399,7.510053
531.deepsjeng_r,Clang,32,O3,1,3642,27966,7.678748
531.deepsjeng_r,Clang,64,O0,1,4270,22530,5.276347
531.deepsjeng_r,Clang,64,O1,1,3097,15649,5.052954
531.deepsjeng_r,Clang,64,O2,1,3220,17539,5.446894
531.deepsjeng_r,Clang,64,O3,1,3481,18941,5.441253
531.deepsjeng_r,ICC,32,O0,1,3692,34049,9.222373
531.deepsjeng_r,ICC,32,O1,1,3825,20356,5.32183
531.deepsjeng_r,ICC,32,O2,1,5918,31284,5.286245
531.deepsjeng_r,ICC,32,O3,1,5899,31223,5.292931
531.deepsjeng_r,ICC,64,O0,1,3644,31298,8.588913
531.deepsjeng_r,ICC,64,O1,1,3577,16410,4.587643
531.deepsjeng_r,ICC,64,O2,1,5555,32149,5.787399
531.deepsjeng_r,ICC,64,O3,1,5539,32116,5.798159
541.leela_r,GCC,32,O0,1,13028,72792,5.58735
541.leela_r,GCC,32,O1,1,6965,36741,5.27509
541.leela_r,GCC,32,O2,1,7410,39394,5.316329
541.leela_r,GCC,32,O3,1,10979,60467,5.507514
541.leela_r,GCC,64,O0,1,11421,60428,5.290955
541.leela_r,GCC,64,O1,1,6825,29486,4.320293
541.leela_r,GCC,64,O2,1,7263,32981,4.540961
541.leela_r,GCC,64,O3,1,10707,48316,4.512562
541.leela_r,Clang,32,O0,1,14188,85130,6.000141
541.leela_r,Clang,32,O1,1,6408,38435,5.997971
541.leela_r,Clang,32,O2,1,6641,38820,5.845505
541.leela_r,Clang,32,O3,1,7283,41699,5.725525
541.leela_r,Clang,64,O0,1,13045,54420,4.171713
541.leela_r,Clang,64,O1,1,6300,27777,4.409048
541.leela_r,Clang,64,O2,1,6380,28909,4.531191
541.leela_r,Clang,64,O3,1,6908,30887,4.471193
541.leela_r,ICC,32,O0,1,14123,87699,6.209658
541.leela_r,ICC,32,O1,1,8134,42654,5.243914
541.leela_r,ICC,32,O2,1,14418,83098,5.76349
541.leela_r,ICC,32,O3,1,14559,84096,5.776221
541.leela_r,ICC,64,O0,1,13822,77996,5.642888
541.leela_r,ICC,64,O1,1,7192,32798,4.560345
541.leela_r,ICC,64,O2,1,13612,87655,6.439539
541.leela_r,ICC,64,O3,1,13972,89134,6.379473
557.xz_r,GCC,32,O0,1,6908,53927,7.806456
557.xz_r,GCC,32,O1,1,5793,35999,6.214224
557.xz_r,GCC,32,O2,1,7230,43070,5.957123
557.xz_r,GCC,32,O3,1,7147,44927,6.286134
557.xz_r,GCC,64,O0,1,6133,46622,7.601826
557.xz_r,GCC,64,O1,1,5402,28705,5.313773
557.xz_r,GCC,64,O2,1,6630,33837,5.10362
557.xz_r,GCC,64,O3,1,6683,34937,5.227742
557.xz_r,Clang,32,O0,1,8126,58376,7.183854
557.xz_r,Clang,32,O1,1,5937,43530,7.331986
557.xz_r,Clang,32,O2,1,6015,44829,7.452868
557.xz_r,Clang,32,O3,1,6271,46980,7.491628
557.xz_r,Clang,64,O0,1,7432,43055,5.793192
557.xz_r,Clang,64,O1,1,5447,30001,5.507802
557.xz_r,Clang,64,O2,1,5585,32007,5.730886
557.xz_r,Clang,64,O3,1,6127,34860,5.689571
557.xz_r,ICC,32,O0,1,7114,60406,8.491144
557.xz_r,ICC,32,O1,1,6148,36286,5.902082
557.xz_r,ICC,32,O2,1,9597,66143,6.89205
557.xz_r,ICC,32,O3,1,9759,67534,6.920176
557.xz_r,ICC,64,O0,1,6931,55707,8.037368
557.xz_r,ICC,64,O1,1,5750,29948,5.208348
557.xz_r,ICC,64,O2,1,8963,79195,8.835769
557.xz_r,ICC,64,O3,1,9268,81163,8.757337
