benchmark,compiler,bitness,optimization,runtime_seconds,spec_rate,run_id,suite
500.perlbench_r,GCC,32-bit,-O0,695.451392,2.289161,003,gcc
502.gcc_r,GCC,32-bit,-O0,676.578666,2.092883,003,gcc
505.mcf_r,GCC,32-bit,-O0,654.771426,2.468037,003,gcc
520.omnetpp_r,GCC,32-bit,-O0,1787.23977,0.734093,003,gcc
523.xalancbmk_r,GCC,32-bit,-O0,1821.105673,0.579868,003,gcc
525.x264_r,GCC,32-bit,-O0,1207.422914,1.450196,003,gcc
531.deepsjeng_r,GCC,32-bit,-O0,960.132101,1.193586,003,gcc
541.leela_r,GCC,32-bit,-O0,2547.610526,0.650021,003,gcc
557.xz_r,GCC,32-bit,-O0,905.69802,1.19245,003,gcc
500.perlbench_r,GCC,64-bit,-O0,626.903686,2.539465,004,gcc
502.gcc_r,GCC,64-bit,-O0,584.34929,2.423208,004,gcc
505.mcf_r,GCC,64-bit,-O0,613.686172,2.633268,004,gcc
520.omnetpp_r,GCC,64-bit,-O0,1404.677526,0.934022,004,gcc
523.xalancbmk_r,GCC,64-bit,-O0,1374.744834,0.768143,004,gcc
525.x264_r,GCC,64-bit,-O0,1187.456169,1.474581,004,gcc
531.deepsjeng_r,GCC,64-bit,-O0,623.589758,1.837747,004,gcc
541.leela_r,GCC,64-bit,-O0,2011.196373,0.823391,004,gcc
557.xz_r,GCC,64-bit,-O0,845.880523,1.276776,004,gcc
500.perlbench_r,GCC,32-bit,-O1,437.020036,3.642854,007,gcc
502.gcc_r,GCC,32-bit,-O1,306.439872,4.620809,007,gcc
505.mcf_r,GCC,32-bit,-O1,444.858477,3.632616,007,gcc
520.omnetpp_r,GCC,32-bit,-O1,522.846586,2.50934,007,gcc
523.xalancbmk_r,GCC,32-bit,-O1,335.013863,3.152108,007,gcc
525.x264_r,GCC,32-bit,-O1,445.091022,3.934027,007,gcc
531.deepsjeng_r,GCC,32-bit,-O1,509.526149,2.249149,007,gcc
541.leela_r,GCC,32-bit,-O1,626.346595,2.643904,007,gcc
557.xz_r,GCC,32-bit,-O1,500.022826,2.159901,007,gcc
500.perlbench_r,GCC,64-bit,-O1,337.780046,4.713126,008,gcc
502.gcc_r,GCC,64-bit,-O1,287.065753,4.932668,008,gcc
505.mcf_r,GCC,64-bit,-O1,425.292184,3.799741,008,gcc
520.omnetpp_r,GCC,64-bit,-O1,456.400277,2.87467,008,gcc
523.xalancbmk_r,GCC,64-bit,-O1,324.883975,3.250391,008,gcc
525.x264_r,GCC,64-bit,-O1,409.367578,4.277329,008,gcc
531.deepsjeng_r,GCC,64-bit,-O1,334.634464,3.424632,008,gcc
541.leela_r,GCC,64-bit,-O1,533.517896,3.103926,008,gcc
557.xz_r,GCC,64-bit,-O1,417.227453,2.588516,008,gcc
500.perlbench_r,GCC,32-bit,-O2,449.932236,3.538311,009,gcc
502.gcc_r,GCC,32-bit,-O2,323.06768,4.382983,009,gcc
505.mcf_r,GCC,32-bit,-O2,411.016378,3.931717,009,gcc
520.omnetpp_r,GCC,32-bit,-O2,432.931317,3.030504,009,gcc
523.xalancbmk_r,GCC,32-bit,-O2,290.040753,3.640868,009,gcc
525.x264_r,GCC,32-bit,-O2,534.404146,3.276546,009,gcc
531.deepsjeng_r,GCC,32-bit,-O2,429.557725,2.66786,009,gcc
541.leela_r,GCC,32-bit,-O2,604.545264,2.739249,009,gcc
557.xz_r,GCC,32-bit,-O2,402.710012,2.681831,009,gcc
500.perlbench_r,GCC,64-bit,-O2,322.574264,4.935298,010,gcc
502.gcc_r,GCC,64-bit,-O2,250.568854,5.651141,010,gcc
505.mcf_r,GCC,64-bit,-O2,387.462575,4.170725,010,gcc
520.omnetpp_r,GCC,64-bit,-O2,390.323977,3.36131,010,gcc
523.xalancbmk_r,GCC,64-bit,-O2,248.442126,4.250487,010,gcc
525.x264_r,GCC,64-bit,-O2,415.234677,4.216893,010,gcc
531.deepsjeng_r,GCC,64-bit,-O2,305.826989,3.747217,010,gcc
541.leela_r,GCC,64-bit,-O2,512.513572,3.231134,010,gcc
557.xz_r,GCC,64-bit,-O2,407.229204,2.652069,010,gcc
500.perlbench_r,GCC,32-bit,-O3,454.6852,3.501324,011,gcc
502.gcc_r,GCC,32-bit,-O3,281.595544,5.028489,011,gcc
505.mcf_r,GCC,32-bit,-O3,413.544362,3.907682,011,gcc
520.omnetpp_r,GCC,32-bit,-O3,518.160604,2.532033,011,gcc
523.xalancbmk_r,GCC,32-bit,-O3,279.049575,3.784274,011,gcc
525.x264_r,GCC,32-bit,-O3,414.011762,4.229348,011,gcc
531.deepsjeng_r,GCC,32-bit,-O3,430.843186,2.6599,011,gcc
541.leela_r,GCC,32-bit,-O3,534.808646,3.096435,011,gcc
557.xz_r,GCC,32-bit,-O3,385.025102,2.805012,011,gcc
500.perlbench_r,GCC,64-bit,-O3,327.805585,4.856537,012,gcc
502.gcc_r,GCC,64-bit,-O3,236.871885,5.977915,012,gcc
505.mcf_r,GCC,64-bit,-O3,370.834232,4.357742,012,gcc
520.omnetpp_r,GCC,64-bit,-O3,337.179465,3.891103,012,gcc
523.xalancbmk_r,GCC,64-bit,-O3,218.601535,4.830707,012,gcc
525.x264_r,GCC,64-bit,-O3,336.183093,5.208471,012,gcc
531.deepsjeng_r,GCC,64-bit,-O3,282.605002,4.05513,012,gcc
541.leela_r,GCC,64-bit,-O3,436.657918,3.792442,012,gcc
557.xz_r,GCC,64-bit,-O3,326.401759,3.308806,012,gcc
500.perlbench_r,Clang,32-bit,-O0,670.696435,2.373652,020,clang
502.gcc_r,Clang,32-bit,-O0,599.413391,2.36231,020,clang
505.mcf_r,Clang,32-bit,-O0,608.702271,2.654828,020,clang
520.omnetpp_r,Clang,32-bit,-O0,1244.126511,1.054555,020,clang
523.xalancbmk_r,Clang,32-bit,-O0,1350.391365,0.781996,020,clang
525.x264_r,Clang,32-bit,-O0,1266.961986,1.382046,020,clang
531.deepsjeng_r,Clang,32-bit,-O0,767.195504,1.493752,020,clang
541.leela_r,Clang,32-bit,-O0,2055.02689,0.805829,020,clang
557.xz_r,Clang,32-bit,-O0,809.190925,1.334666,020,clang
500.perlbench_r,Clang,64-bit,-O0,615.80164,2.585248,021,clang
502.gcc_r,Clang,64-bit,-O0,541.137235,2.616711,021,clang
505.mcf_r,Clang,64-bit,-O0,604.584165,2.672912,021,clang
520.omnetpp_r,Clang,64-bit,-O0,1048.962419,1.25076,021,clang
523.xalancbmk_r,Clang,64-bit,-O0,1144.436078,0.922725,021,clang
525.x264_r,Clang,64-bit,-O0,1201.075978,1.457859,021,clang
531.deepsjeng_r,Clang,64-bit,-O0,600.535407,1.908297,021,clang
541.leela_r,Clang,64-bit,-O0,1848.824984,0.895704,021,clang
557.xz_r,Clang,64-bit,-O0,794.181712,1.35989,021,clang
500.perlbench_r,Clang,32-bit,-O1,399.009414,3.989881,022,clang
502.gcc_r,Clang,32-bit,-O1,272.203501,5.20199,022,clang
505.mcf_r,Clang,32-bit,-O1,403.267967,4.007261,022,clang
520.omnetpp_r,Clang,32-bit,-O1,400.266869,3.277813,022,clang
523.xalancbmk_r,Clang,32-bit,-O1,257.63769,4.098779,022,clang
525.x264_r,Clang,32-bit,-O1,460.234828,3.80458,022,clang
531.deepsjeng_r,Clang,32-bit,-O1,409.552099,2.798179,022,clang
541.leela_r,Clang,32-bit,-O1,580.695058,2.851755,022,clang
557.xz_r,Clang,32-bit,-O1,394.313747,2.738936,022,clang
500.perlbench_r,Clang,64-bit,-O1,352.968944,4.510312,023,clang
502.gcc_r,Clang,64-bit,-O1,253.574653,5.584154,023,clang
505.mcf_r,Clang,64-bit,-O1,369.339674,4.375376,023,clang
520.omnetpp_r,Clang,64-bit,-O1,375.526656,3.49376,023,clang
523.xalancbmk_r,Clang,64-bit,-O1,236.878652,4.457979,023,clang
525.x264_r,Clang,64-bit,-O1,399.901929,4.378574,023,clang
531.deepsjeng_r,Clang,64-bit,-O1,291.950049,3.925329,023,clang
541.leela_r,Clang,64-bit,-O1,487.863545,3.394392,023,clang
557.xz_r,Clang,64-bit,-O1,380.885389,2.835499,023,clang
500.perlbench_r,Clang,32-bit,-O2,402.246269,3.957774,024,clang
502.gcc_r,Clang,32-bit,-O2,267.696181,5.289579,024,clang
505.mcf_r,Clang,32-bit,-O2,438.199718,3.687816,024,clang
520.omnetpp_r,Clang,32-bit,-O2,365.432839,3.590263,024,clang
523.xalancbmk_r,Clang,32-bit,-O2,243.55863,4.335712,024,clang
525.x264_r,Clang,32-bit,-O2,242.347575,7.22516,024,clang
531.deepsjeng_r,Clang,32-bit,-O2,407.1105,2.814961,024,clang
541.leela_r,Clang,32-bit,-O2,528.408594,3.133938,024,clang
557.xz_r,Clang,32-bit,-O2,375.429098,2.876708,024,clang
500.perlbench_r,Clang,64-bit,-O2,337.212521,4.721058,025,clang
502.gcc_r,Clang,64-bit,-O2,241.916814,5.853252,025,clang
505.mcf_r,Clang,64-bit,-O2,393.636916,4.105306,025,clang
520.omnetpp_r,Clang,64-bit,-O2,332.031637,3.951431,025,clang
523.xalancbmk_r,Clang,64-bit,-O2,236.846229,4.458589,025,clang
525.x264_r,Clang,64-bit,-O2,215.287712,8.133302,025,clang
531.deepsjeng_r,Clang,64-bit,-O2,288.863979,3.967265,025,clang
541.leela_r,Clang,64-bit,-O2,433.905314,3.816501,025,clang
557.xz_r,Clang,64-bit,-O2,329.916069,3.27356,025,clang
500.perlbench_r,Clang,32-bit,-O3,395.413775,4.026162,026,clang
502.gcc_r,Clang,32-bit,-O3,262.419551,5.395939,026,clang
505.mcf_r,Clang,32-bit,-O3,429.291209,3.764344,026,clang
520.omnetpp_r,Clang,32-bit,-O3,345.962875,3.792314,026,clang
523.xalancbmk_r,Clang,32-bit,-O3,250.962417,4.207801,026,clang
525.x264_r,Clang,32-bit,-O3,272.133449,6.434343,026,clang
531.deepsjeng_r,Clang,32-bit,-O3,399.216287,2.870624,026,clang
541.leela_r,Clang,32-bit,-O3,509.791688,3.248386,026,clang
557.xz_r,Clang,32-bit,-O3,404.197971,2.671958,026,clang
500.perlbench_r,Clang,64-bit,-O3,340.733753,4.67227,027,clang
502.gcc_r,Clang,64-bit,-O3,246.61257,5.7418,027,clang
505.mcf_r,Clang,64-bit,-O3,374.000578,4.320849,027,clang
520.omnetpp_r,Clang,64-bit,-O3,309.615904,4.237508,027,clang
523.xalancbmk_r,Clang,64-bit,-O3,236.558257,4.464017,027,clang
525.x264_r,Clang,64-bit,-O3,254.652709,6.876031,027,clang
531.deepsjeng_r,Clang,64-bit,-O3,293.012233,3.9111,027,clang
541.leela_r,Clang,64-bit,-O3,419.369311,3.948787,027,clang
557.xz_r,Clang,64-bit,-O3,339.814513,3.178204,027,clang
500.perlbench_r,ICC,32-bit,-O0,652.489382,2.439886,029,icc
502.gcc_r,ICC,32-bit,-O0,593.934719,2.3841,029,icc
505.mcf_r,ICC,32-bit,-O0,630.087278,2.564724,029,icc
520.omnetpp_r,ICC,32-bit,-O0,1746.998015,0.751003,029,icc
523.xalancbmk_r,ICC,32-bit,-O0,2074.666115,0.508998,029,icc
525.x264_r,ICC,32-bit,-O0,1464.653829,1.195504,029,icc
531.deepsjeng_r,ICC,32-bit,-O0,813.491418,1.408743,029,icc
541.leela_r,ICC,32-bit,-O0,2624.877548,0.630887,029,icc
557.xz_r,ICC,32-bit,-O0,928.308433,1.163406,029,icc
500.perlbench_r,ICC,64-bit,-O0,720.68879,2.208998,030,icc
502.gcc_r,ICC,64-bit,-O0,649.586828,2.179847,030,icc
505.mcf_r,ICC,64-bit,-O0,615.696753,2.624669,030,icc
520.omnetpp_r,ICC,64-bit,-O0,1442.227149,0.909704,030,icc
523.xalancbmk_r,ICC,64-bit,-O0,1592.356726,0.663168,030,icc
525.x264_r,ICC,64-bit,-O0,1359.496127,1.287977,030,icc
531.deepsjeng_r,ICC,64-bit,-O0,677.208135,1.692242,030,icc
541.leela_r,ICC,64-bit,-O0,2406.064349,0.688261,030,icc
557.xz_r,ICC,64-bit,-O0,796.371803,1.35615,030,icc
500.perlbench_r,ICC,32-bit,-O1,347.320485,4.583663,031,icc
502.gcc_r,ICC,32-bit,-O1,291.935059,4.850394,031,icc
505.mcf_r,ICC,32-bit,-O1,413.40458,3.909004,031,icc
520.omnetpp_r,ICC,32-bit,-O1,399.720004,3.282298,031,icc
523.xalancbmk_r,ICC,32-bit,-O1,281.171736,3.755712,031,icc
525.x264_r,ICC,32-bit,-O1,731.466296,2.393822,031,icc
531.deepsjeng_r,ICC,32-bit,-O1,433.349253,2.644518,031,icc
541.leela_r,ICC,32-bit,-O1,611.241495,2.70924,031,icc
557.xz_r,ICC,32-bit,-O1,433.492417,2.491393,031,icc
500.perlbench_r,ICC,64-bit,-O1,340.992196,4.668729,032,icc
502.gcc_r,ICC,64-bit,-O1,298.589736,4.742293,032,icc
505.mcf_r,ICC,64-bit,-O1,392.351068,4.11876,032,icc
520.omnetpp_r,ICC,64-bit,-O1,425.866701,3.080776,032,icc
523.xalancbmk_r,ICC,64-bit,-O1,275.15626,3.837819,032,icc
525.x264_r,ICC,64-bit,-O1,632.557545,2.768128,032,icc
531.deepsjeng_r,ICC,64-bit,-O1,335.863382,3.412102,032,icc
541.leela_r,ICC,64-bit,-O1,555.320571,2.982061,032,icc
557.xz_r,ICC,64-bit,-O1,402.19004,2.685298,032,icc
500.perlbench_r,ICC,32-bit,-O2,317.099859,5.0205,033,icc
502.gcc_r,ICC,32-bit,-O2,233.391804,6.067051,033,icc
505.mcf_r,ICC,32-bit,-O2,415.484219,3.889438,033,icc
520.omnetpp_r,ICC,32-bit,-O2,482.999194,2.716361,033,icc
523.xalancbmk_r,ICC,32-bit,-O2,230.97668,4.57189,033,icc
525.x264_r,ICC,32-bit,-O2,265.88037,6.585669,033,icc
531.deepsjeng_r,ICC,32-bit,-O2,366.180361,3.129605,033,icc
541.leela_r,ICC,32-bit,-O2,493.526189,3.355445,033,icc
557.xz_r,ICC,32-bit,-O2,336.967973,3.205052,033,icc
500.perlbench_r,ICC,64-bit,-O2,305.953206,5.20341,034,icc
502.gcc_r,ICC,64-bit,-O2,244.361737,5.794688,034,icc
505.mcf_r,ICC,64-bit,-O2,341.621907,4.730376,034,icc
520.omnetpp_r,ICC,64-bit,-O2,391.787613,3.348753,034,icc
523.xalancbmk_r,ICC,64-bit,-O2,220.205761,4.795515,034,icc
525.x264_r,ICC,64-bit,-O2,225.81327,7.754194,034,icc
531.deepsjeng_r,ICC,64-bit,-O2,293.620299,3.903,034,icc
541.leela_r,ICC,64-bit,-O2,402.242752,4.116917,034,icc
557.xz_r,ICC,64-bit,-O2,332.036643,3.252653,034,icc
500.perlbench_r,ICC,32-bit,-O3,306.82764,5.188581,035,icc
502.gcc_r,ICC,32-bit,-O3,233.707431,6.058857,035,icc
505.mcf_r,ICC,32-bit,-O3,413.50949,3.908012,035,icc
520.omnetpp_r,ICC,32-bit,-O3,501.387585,2.616738,035,icc
523.xalancbmk_r,ICC,32-bit,-O3,202.716797,5.209238,035,icc
525.x264_r,ICC,32-bit,-O3,260.758256,6.715032,035,icc
531.deepsjeng_r,ICC,32-bit,-O3,375.639982,3.050793,035,icc
541.leela_r,ICC,32-bit,-O3,513.675093,3.223828,035,icc
557.xz_r,ICC,32-bit,-O3,435.201741,2.481608,035,icc
500.perlbench_r,ICC,64-bit,-O3,367.529139,4.331629,036,icc
502.gcc_r,ICC,64-bit,-O3,275.041616,5.148312,036,icc
505.mcf_r,ICC,64-bit,-O3,369.460758,4.373942,036,icc
520.omnetpp_r,ICC,64-bit,-O3,362.591482,3.618397,036,icc
523.xalancbmk_r,ICC,64-bit,-O3,239.923101,4.40141,036,icc
525.x264_r,ICC,64-bit,-O3,250.68785,6.984782,036,icc
531.deepsjeng_r,ICC,64-bit,-O3,313.908979,3.65074,036,icc
541.leela_r,ICC,64-bit,-O3,445.433048,3.71773,036,icc
557.xz_r,ICC,64-bit,-O3,424.631562,2.543381,036,icc
